6227333;interface/gamepad/gamepadindicators.blp
7744090;interface/questframe/questbackgroundprofessionpoisons.blp
7948326;interface/hud/uiactionbar2xc60.blp
7948328;interface/hud/uiactionbarc60.blp
8026705;interface/hud/uiminimapc60.blp
8026708;interface/hud/uiminimap2xc60.blp
8036204;interface/hud/uiunitframec60.blp
8036209;interface/hud/uiunitframe2xc60.blp
8063723;interface/buttons/128redbuttonc60.blp
8064267;interface/buttons/128redbuttonpart2c60.blp
8064269;interface/glues/characterselect/uicharacterselectglues2xc60.blp
8064271;interface/glues/characterselect/uicharacterselectgluesc60.blp
8069100;interface/buttons/minimalscrollbarsmallproportionalc60.blp
8069102;interface/buttons/minimalscrollbarproportionalc60.blp
8069104;interface/buttons/minimalscrollbarsmallverticalc60.blp
8069106;interface/common/commonbuttontertiary2xc60.blp
8069108;interface/common/commonbuttontertiaryc60.blp
8069110;interface/common/commondropdown2xc60.blp
8069112;interface/common/commondropdownc60.blp
8069114;interface/framegeneral/uiframemetalvertical2xc60.blp
8069116;interface/framegeneral/uiframemetal2xc60.blp
8069118;interface/framegeneral/uiframemetalhorizontal2xc60.blp
8069120;interface/framegeneral/uiframediamondmetal2xc60.blp
8069122;interface/framegeneral/uiframediamondmetalvertical2xc60.blp
8069124;interface/framegeneral/uiframediamondmetalheader2xc60.blp
8069126;interface/dialogframe/uiframediamondmetalborderc60.blp
8069128;interface/dialogframe/uiframediamondmetalborder2xc60.blp
8070606;interface/tooltips/uiframetooltipc60.blp
8070610;interface/tooltips/uiframetooltipverticalc60.blp
8070625;interface/glues/common/uiframetooltipgluesbackgroundc60.blp
8070627;interface/glues/common/uiframetooltipgluesc60.blp
8070629;interface/glues/common/uiframetooltipgluesverticalc60.blp
8086351;interface/framegeneral/graphicsectiontabframec60.blp
8086393;interface/framegeneral/graphicsectiontabframeverticalc60.blp
8086434;interface/buttons/minimalsliderbarc60.blp
8086468;interface/optionsframe/optionsc60.blp
8086474;interface/common/minimalcheckboxc60.blp
8086476;interface/shop/catalogshopc60.blp
8086478;interface/buttons/minimalscrollbarverticalc60.blp
8107305;interface/buttons/redbuttons2xc60.blp
8107307;interface/buttons/redbuttonsc60.blp
8116691;interface/spellbook/spellbookelementsc60.blp
8116696;interface/spellbook/spellbookbackgroundpageleftc60.blp
8116698;interface/spellbook/spellbookbackgroundpagerightc60.blp
8116700;interface/spellbook/spellbooktabsc60.blp
8116702;interface/spellbook/spellbooktabsc602x.blp
8116735;interface/talentframe/talentsc60.blp
8116737;interface/talentframe/talents2xc60.blp
8116745;interface/hud/uipartyframec60.blp
8117690;interface/common/commonbuttonsc60.blp
8118792;interface/containerframe/bagsitembankslot2xc60.blp
8118796;interface/bankframe/bankframebackgroundc60.blp
8119721;interface/hud/uiactionbarvertical2xc60.blp
8124215;interface/common/commonsidetab2xc60.blp
8124217;interface/common/commonsidetabc60.blp
8124219;interface/common/commonbuttonlist2xc60.blp
8124221;interface/common/commonbuttonlistc60.blp
8124459;interface/common/commoninsideframe2xc60.blp
8124462;interface/common/commoninsideframec60.blp
8126933;interface/store/uitokensc60.blp
8126935;interface/store/uitokens2xc60.blp
8141489;interface/hud/uiexperiencebarc60.blp
8143695;interface/hud/uiexperiencebar2xc60.blp
8154526;interface/hud/uiactionbarframe2xc60.blp
8154542;interface/hud/uiactionbarverticalc60.blp
8164401;interface/professions/professiontrainerbackgroundc60.blp
8164414;interface/professions/professioncardbackgroundgenericc60.blp
8164416;interface/professions/professioncardbackgroundalchemyc60.blp
8164418;interface/professions/professioncardbackgroundblacksmithingc60.blp
8164420;interface/professions/professioncardbackgroundcookingc60.blp
8164423;interface/professions/professioncardbackgroundenchantingc60.blp
8164435;interface/professions/professioncardbackgroundengineeringc60.blp
8164440;interface/professions/professioncardbackgroundfirstaidc60.blp
8164442;interface/professions/professioncardbackgroundfishingc60.blp
8164444;interface/professions/professioncardbackgroundherbalismc60.blp
8164446;interface/professions/professioncardbackgroundleatherworkingc60.blp
8164449;interface/professions/professioncardbackgroundlockpickingc60.blp
8164451;interface/professions/professioncardbackgroundminingc60.blp
8164458;interface/professions/professioncardbackgroundpoisonsc60.blp
8164461;interface/professions/professioncardbackgroundresearchc60.blp
8164463;interface/professions/professioncardbackgroundskinningc60.blp
8164465;interface/professions/professioncardbackgroundtailoringc60.blp
8165536;interface/hud/uinameplateslevelindicator2xc60.blp
8165538;interface/hud/uinameplateslevelindicatorc60.blp
8165540;interface/hud/uicooldownmanager2xc60.blp
8165542;interface/hud/uicooldownmanagerc60.blp
8166352;interface/professions/professioncardbackgroundtailoring2xc60.blp
8166354;interface/professions/professioncardbackgroundskinning2xc60.blp
8166356;interface/professions/professioncardbackgroundresearch2xc60.blp
8166358;interface/professions/professioncardbackgroundpoisons2xc60.blp
8166360;interface/professions/professioncardbackgroundmining2xc60.blp
8166362;interface/professions/professioncardbackgroundlockpicking2xc60.blp
8166364;interface/professions/professioncardbackgroundleatherworking2xc60.blp
8166366;interface/professions/professioncardbackgroundherbalism2xc60.blp
8166368;interface/professions/professioncardbackgroundgeneric2xc60.blp
8166370;interface/professions/professioncardbackgroundfishing2xc60.blp
8166372;interface/professions/professioncardbackgroundfirstaid2xc60.blp
8166374;interface/professions/professioncardbackgroundengineering2xc60.blp
8166376;interface/professions/professioncardbackgroundenchanting2xc60.blp
8166378;interface/professions/professioncardbackgroundcooking2xc60.blp
8166380;interface/professions/professioncardbackgroundblacksmithing2xc60.blp
8166382;interface/professions/professioncardbackgroundalchemy2xc60.blp
8166386;interface/spellbook/spellbookbackgroundpagecondensedc60.blp
8166388;interface/spellbook/spellbookbackgroundpagecondensed2xc60.blp
8168849;interface/framegeneral/uiframetabsc60.blp
8175455;interface/paperdollinfoframe/paperdollinfopart2c60.blp
8175457;interface/paperdollinfoframe/paperdollinfopart1c60.blp
8175459;interface/paperdollinfoframe/paperdollinfopart12xc60.blp
8175461;interface/paperdollinfoframe/paperdollinfopart22xc60.blp
8176596;interface/professions/professionsfxskinningc60.blp
8176598;interface/professions/professionsfxenchantingc60.blp
8176600;interface/professions/professionsfxalchemyc60.blp
8187590;interface/hud/uiminimapmaskgeneralc60.blp
8187737;interface/containerframe/bagsitemslot2xc60.blp
8188339;interface/bankframe/bankframepanel2xc60.blp
8188342;interface/bankframe/bankframepanelc60.blp
8199012;interface/minimap/objecticonsatlasc60.blp
8200220;interface/glues/charactercreate/charactercreateiconsc60.blp
8200846;interface/hud/uimicromenuc602x.blp
8215416;interface/professions/professionsfxlockpickingc60.blp
8215421;interface/professions/professionsfxresearchc60.blp
8215423;interface/professions/professionsfxpoisonsc60.blp
8215428;interface/professions/professionsfxfirstaidc60.blp
8244541;interface/hud/uiunitframebossc60.blp
8244544;interface/hud/uiunitframebossc602x.blp
8245172;interface/common/commonframedivider2xc60.blp
8245174;interface/common/commonframedividerc60.blp
8254784;interface/common/commonsidetabmaskc60.blp
8254786;interface/common/commonsidetabmask2xc60.blp
8260962;interface/gamepad/gamepadmenuiconsc60.blp
8260979;interface/gamepad/gamepadactionbariconsc60.blp
8261163;interface/common/commonstatbarc60.blp
8261265;interface/common/commonstatbar2xc60.blp
8261287;interface/common/commonstatbarmaskc60.blp
8261289;interface/common/commonstatbarmask2xc60.blp
8268353;interface/questframe/questtracker2xc60.blp
8268356;interface/questframe/questtrackerc60.blp
8280390;interface/gamepad/gamepaduiframefocus2xc60.blp
8280392;interface/gamepad/gamepaduiframefocusc60.blp
8311977;interface/castingbar/uicastingbarc60.blp
8311982;interface/castingbar/uicastingbar2xc60.blp
8344057;interface/castingbar/uicastingbarfxc60.blp
8365724;interface/lfgframe/uilfgpromptsc60.blp
8373327;interface/lfgframe/groupfinderc60.blp
8373329;interface/lfgframe/uilfgprompts2xc60.blp
8373331;interface/lfgframe/groupfinder2xc60.blp
8416251;interface/friends/uifriends2xc60.blp
8416269;interface/friends/uifriendsc60.blp
8418118;interface/hud/uigroupfinderflipbookc60.blp
8418120;interface/hud/uigroupfinderflipbook2xc60.blp
8424995;interface/dressupframe/dressingroomc60.blp
8426725;interface/common/commoninternaltabc60.blp
8426727;interface/common/commoninternaltab2xc60.blp
8426737;interface/collections/collectionsc60.blp
8426739;interface/collections/collections2xc60.blp
8426741;interface/collections/collectionsbackgroundc60.blp
8426743;interface/collections/collectionsbackground2xc60.blp
8426745;interface/collections/collections3dbackgroundc60.blp
8426747;interface/collections/collections3dbackground2xc60.blp
8430026;interface/macroframe/macropopupc60.blp
8430048;interface/macroframe/macropopupverticalc60.blp
8430184;interface/hud/uigroupmanagerc60.blp
8430628;interface/hud/uigroupmanager2xc60.blp
8449700;interface/hud/uinameplatesc60.blp
8450817;interface/store/uisubsupgradebanner2xc60.blp
8450819;interface/store/uisubsupgradebannerc60.blp
8450821;interface/common/commonbuttonassets2xc60.blp
8450823;interface/common/commonbuttonassetsc60.blp
8460543;interface/gamepad/gamepadbagcomponents.blp
